neighbourhood, RPZ
Cork City Council, TRUE
Dublin City Council, TRUE
Dún Laoghaire-Rathdown County Council, TRUE
Fingal County Council, TRUE
South Dublin County Council, TRUE
Kildare County Council, TRUE
Ballincollig–Carrigaline LEA, TRUE
Galway City Central LEA, TRUE
Galway City East LEA, TRUE
Galway City West LEA, TRUE
Celbridge-Leixlip LEA, TRUE
Naas LEA, TRUE
Newbridge LEA, TRUE
Ashbourne LEA, TRUE
Laytown-Bettystown LEA, TRUE
Ratoath LEA, TRUE
Bray LEA, TRUE
Wicklow LEA, TRUE
Cobh LEA, TRUE
Maynooth LEA, TRUE
Drogheda Rural LEA, TRUE
Drogheda Urban LEA, TRUE,
Drogheda LEA, TRUE
Greystones LEA, TRUE
Limerick City East LEA, TRUE
Navan LEA, TRUE
Fermoy LEA, TRUE
Midleton LEA, TRUE
Athenry-Oranmore LEA, TRUE
Gort-Kinvara LEA, TRUE
Kilkenny LEA, TRUE
Graiguecullen-Portarlington LEA, TRUE
Portlaoise LEA, TRUE
Limerick City North LEA, TRUE
Limerick City West LEA, TRUE
Ardee LEA, TRUE
Dundalk-Carlingford LEA, TRUE
Dundalk South LEA, TRUE
Kells LEA, TRUE
Trim LEA, TRUE
Waterford City East LEA, TRUE
Waterford City South LEA, TRUE
Athlone LEA, TRUE
Gorey LEA, TRUE
Arklow LEA, TRUE
Carlow LEA, TRUE
Macroom LEA, TRUE
Cobh LEA, TRUE
Piltown LEA, TRUE
Sligo-Strandhill LEA, TRUE
Baltinglass LEA, TRUE
Mallow LEA, TRUE
Killarney LEA, TRUE
Athy LEA, TRUE
Tullamore LEA, TRUE
Mullingar LEA, TRUE
Bandon-Kinsale LEA, TRUE
